/,小平市議 安竹の主張等
/ippan,一般質問
/ippan/r4/9-gatu,<strong>9月定例会</strong>
/ippan/r4/6-gatu,<strong>6月定例会</strong>
/ippan/r4/3-gatu,<strong>3月定例会</strong>
/ippan/r3/12-gatu,<strong>12月定例会</strong>
/ippan/r3/9-gatu,<strong>9月定例会</strong>
/ippan/r3/6-gatu,<strong>6月定例会</strong>
/ippan/r3/3-gatu,<strong>3月定例会</strong>
/ippan/r2/12-gatu,<strong>12月定例会</strong>
/ippan/r2/9-gatu,<strong>9月定例会</strong>
/ippan/r2/6-gatu,<strong>6月定例会</strong>
/ippan/r2/3-gatu,<strong>3月定例会</strong>
/ippan/r1/12-gatu,<strong>12月定例会</strong>
/ippan/r1/9-gatu,<strong>9月定例会</strong>
/ippan/r1/6-gatu,<strong>6月定例会</strong>
/ippan/r4,<strong>令和4年</strong>
/ippan/r3,<strong>令和3年</strong>
/ippan/r2,<strong>令和2年</strong>
/ippan/r1,<strong>令和元年</strong>
/sonota,その他
/sonota/kousei,厚生委員会
/sonota/kousei/r2,令和2年
/sonota/koutyou-koho,広聴広報委員会
/sonota/koutyou-koho/r2,令和2年
/sonota/machizukuri,まちづくり勉強会
/sonota/ijime, いじめ問題